Location,Dining Rating Count,Name of Restaurant
Adyar,1044,1
Adyar,1068,1
Adyar,109,1
Adyar,11,1
Adyar,116,1
Adyar,117,2
Adyar,119,1
Adyar,1260,1
Adyar,13,1
Adyar,137,1
Adyar,138,1
Adyar,148,1
Adyar,15,2
Adyar,150,1
Adyar,1511,1
Adyar,153,1
Adyar,1534,1
Adyar,159,1
Adyar,16,1
Adyar,1625,1
Adyar,168,2
Adyar,169,1
Adyar,179,1
Adyar,18,1
Adyar,189,1
Adyar,198,1
Adyar,20,1
Adyar,205,1
Adyar,213,1
Adyar,221,1
Adyar,2252,1
Adyar,241,2
Adyar,2430,1
Adyar,248,1
Adyar,25,1
Adyar,2591,1
Adyar,2733,1
Adyar,29,1
Adyar,292,1
Adyar,294,1
Adyar,298,1
Adyar,30,1
Adyar,300,1
Adyar,304,1
Adyar,309,1
Adyar,328,1
Adyar,331,1
Adyar,34,1
Adyar,35,2
Adyar,376,1
Adyar,380,1
Adyar,4,2
Adyar,403,1
Adyar,404,1
Adyar,417,1
Adyar,44,2
Adyar,441,1
Adyar,452,1
Adyar,456,1
Adyar,47,2
Adyar,495,1
Adyar,499,1
Adyar,50,1
Adyar,52,1
Adyar,534,1
Adyar,54,1
Adyar,55,1
Adyar,56,2
Adyar,575,1
Adyar,581,1
Adyar,6,2
Adyar,617,1
Adyar,625,1
Adyar,67,1
Adyar,7,2
Adyar,71,1
Adyar,73,1
Adyar,79,1
Adyar,8,1
Adyar,825,1
Adyar,837,1
Adyar,840,1
Adyar,87,1
Adyar,89,1
Adyar,897,1
Adyar,98,1
Adyar,Does not offer Dining,35
Adyar,Not enough Dining Reviews,3
Ambattur,0,1
Ambattur,10,5
Ambattur,105,1
Ambattur,107,1
Ambattur,109,1
Ambattur,11,1
Ambattur,12,4
Ambattur,121,1
Ambattur,128,1
Ambattur,13,1
Ambattur,131,1
Ambattur,138,1
Ambattur,14,2
Ambattur,153,1
Ambattur,16,1
Ambattur,161,1
Ambattur,163,1
Ambattur,167,1
Ambattur,17,2
Ambattur,174,1
Ambattur,18,1
Ambattur,180,1
Ambattur,19,5
Ambattur,20,1
Ambattur,21,2
Ambattur,22,4
Ambattur,228,1
Ambattur,23,1
Ambattur,24,2
Ambattur,245,1
Ambattur,25,2
Ambattur,269,1
Ambattur,27,1
Ambattur,28,2
Ambattur,286,1
Ambattur,29,3
Ambattur,303,1
Ambattur,311,1
Ambattur,33,2
Ambattur,35,2
Ambattur,383,1
Ambattur,39,1
Ambattur,4,3
Ambattur,40,1
Ambattur,41,1
Ambattur,42,3
Ambattur,43,1
Ambattur,44,1
Ambattur,48,1
Ambattur,488,1
Ambattur,5,6
Ambattur,50,1
Ambattur,52,1
Ambattur,55,2
Ambattur,56,1
Ambattur,57,1
Ambattur,589,1
Ambattur,6,8
Ambattur,60,2
Ambattur,62,1
Ambattur,629,1
Ambattur,64,1
Ambattur,65,1
Ambattur,69,1
Ambattur,7,3
Ambattur,70,1
Ambattur,71,1
Ambattur,72,1
Ambattur,74,1
Ambattur,741,1
Ambattur,76,1
Ambattur,79,2
Ambattur,8,2
Ambattur,87,1
Ambattur,9,1
Ambattur,95,1
Ambattur,96,1
Ambattur,98,1
Ambattur,Does not offer Dining,30
Ambattur,Not enough Dining Reviews,8
Anna Nagar East,0,1
Anna Nagar East,10,1
Anna Nagar East,104,1
Anna Nagar East,108,2
Anna Nagar East,11,3
Anna Nagar East,110,1
Anna Nagar East,111,1
Anna Nagar East,1124,1
Anna Nagar East,113,1
Anna Nagar East,118,1
Anna Nagar East,1218,1
Anna Nagar East,1225,1
Anna Nagar East,126,2
Anna Nagar East,1263,1
Anna Nagar East,1267,1
Anna Nagar East,127,1
Anna Nagar East,1281,1
Anna Nagar East,129,1
Anna Nagar East,133,1
Anna Nagar East,136,1
Anna Nagar East,137,1
Anna Nagar East,14,1
Anna Nagar East,142,2
Anna Nagar East,148,1
Anna Nagar East,15,1
Anna Nagar East,153,1
Anna Nagar East,16,2
Anna Nagar East,161,1
Anna Nagar East,167,2
Anna Nagar East,169,1
Anna Nagar East,176,1
Anna Nagar East,18,2
Anna Nagar East,19,2
Anna Nagar East,193,1
Anna Nagar East,20,1
Anna Nagar East,202,1
Anna Nagar East,21,1
Anna Nagar East,219,1
Anna Nagar East,22,1
Anna Nagar East,221,1
Anna Nagar East,223,1
Anna Nagar East,226,1
Anna Nagar East,227,1
Anna Nagar East,23,1
Anna Nagar East,238,1
Anna Nagar East,247,1
Anna Nagar East,2485,1
Anna Nagar East,254,1
Anna Nagar East,2564,1
Anna Nagar East,26,1
Anna Nagar East,265,1
Anna Nagar East,273,1
Anna Nagar East,276,1
Anna Nagar East,278,1
Anna Nagar East,28,1
Anna Nagar East,29,5
Anna Nagar East,30,3
Anna Nagar East,305,1
Anna Nagar East,309,1
Anna Nagar East,31,2
Anna Nagar East,315,1
Anna Nagar East,319,1
Anna Nagar East,32,2
Anna Nagar East,325,1
Anna Nagar East,33,1
Anna Nagar East,339,1
Anna Nagar East,34,1
Anna Nagar East,346,1
Anna Nagar East,359,1
Anna Nagar East,364,1
Anna Nagar East,369,2
Anna Nagar East,397,1
Anna Nagar East,4,2
Anna Nagar East,41,1
Anna Nagar East,410,1
Anna Nagar East,42,1
Anna Nagar East,437,1
Anna Nagar East,44,2
Anna Nagar East,442,1
Anna Nagar East,45,2
Anna Nagar East,464,1
Anna Nagar East,48,1
Anna Nagar East,49,1
Anna Nagar East,490,1
Anna Nagar East,504,1
Anna Nagar East,527,1
Anna Nagar East,533,1
Anna Nagar East,544,1
Anna Nagar East,566,1
Anna Nagar East,57,1
Anna Nagar East,588,1
Anna Nagar East,6,5
Anna Nagar East,616,1
Anna Nagar East,623,1
Anna Nagar East,633,1
Anna Nagar East,641,1
Anna Nagar East,652,1
Anna Nagar East,668,1
Anna Nagar East,674,1
Anna Nagar East,71,1
Anna Nagar East,72,2
Anna Nagar East,721,1
Anna Nagar East,73,1
Anna Nagar East,74,1
Anna Nagar East,741,1
Anna Nagar East,75,2
Anna Nagar East,764,1
Anna Nagar East,776,1
Anna Nagar East,79,2
Anna Nagar East,8,2
Anna Nagar East,83,1
Anna Nagar East,866,1
Anna Nagar East,9,1
Anna Nagar East,90,1
Anna Nagar East,92,1
Anna Nagar East,96,1
Anna Nagar East,961,1
Anna Nagar East,Does not offer Dining,44
Anna Nagar East,Not enough Dining Reviews,2
Anna Nagar West,10,1
Anna Nagar West,100,1
Anna Nagar West,1018,1
Anna Nagar West,102,1
Anna Nagar West,103,1
Anna Nagar West,11,1
Anna Nagar West,110,1
Anna Nagar West,1165,1
Anna Nagar West,118,1
Anna Nagar West,119,1
Anna Nagar West,123,1
Anna Nagar West,125,1
Anna Nagar West,126,1
Anna Nagar West,13,2
Anna Nagar West,134,1
Anna Nagar West,142,1
Anna Nagar West,145,1
Anna Nagar West,148,1
Anna Nagar West,168,1
Anna Nagar West,17,1
Anna Nagar West,177,1
Anna Nagar West,18,2
Anna Nagar West,19,2
Anna Nagar West,192,1
Anna Nagar West,197,1
Anna Nagar West,199,1
Anna Nagar West,20,1
Anna Nagar West,204,1
Anna Nagar West,211,1
Anna Nagar West,212,1
Anna Nagar West,213,1
Anna Nagar West,224,1
Anna Nagar West,233,1
Anna Nagar West,235,1
Anna Nagar West,24,1
Anna Nagar West,242,1
Anna Nagar West,254,1
Anna Nagar West,261,1
Anna Nagar West,27,1
Anna Nagar West,285,1
Anna Nagar West,32,1
Anna Nagar West,33,2
Anna Nagar West,34,2
Anna Nagar West,35,3
Anna Nagar West,363,1
Anna Nagar West,371,1
Anna Nagar West,382,1
Anna Nagar West,39,1
Anna Nagar West,392,1
Anna Nagar West,394,1
Anna Nagar West,4,4
Anna Nagar West,401,1
Anna Nagar West,404,1
Anna Nagar West,405,1
Anna Nagar West,430,1
Anna Nagar West,45,1
Anna Nagar West,459,1
Anna Nagar West,46,1
Anna Nagar West,487,1
Anna Nagar West,53,1
Anna Nagar West,54,1
Anna Nagar West,557,1
Anna Nagar West,56,1
Anna Nagar West,6,1
Anna Nagar West,65,1
Anna Nagar West,658,1
Anna Nagar West,66,1
Anna Nagar West,697,1
Anna Nagar West,7,2
Anna Nagar West,72,1
Anna Nagar West,794,1
Anna Nagar West,8,3
Anna Nagar West,828,1
Anna Nagar West,88,1
Anna Nagar West,9,2
Anna Nagar West,91,1
Anna Nagar West,95,1
Anna Nagar West,983,1
Anna Nagar West,Does not offer Dining,35
Anna Nagar West,Not enough Dining Reviews,7
Chromepet,10,1
Chromepet,108,1
Chromepet,109,1
Chromepet,11,2
Chromepet,12,1
Chromepet,125,2
Chromepet,1288,1
Chromepet,14,1
Chromepet,15,2
Chromepet,16,2
Chromepet,176,1
Chromepet,179,1
Chromepet,18,3
Chromepet,187,1
Chromepet,198,1
Chromepet,199,1
Chromepet,20,1
Chromepet,202,1
Chromepet,23,1
Chromepet,233,1
Chromepet,26,2
Chromepet,263,1
Chromepet,277,1
Chromepet,28,2
Chromepet,282,1
Chromepet,29,1
Chromepet,298,1
Chromepet,30,1
Chromepet,310,1
Chromepet,32,1
Chromepet,333,1
Chromepet,345,1
Chromepet,358,1
Chromepet,38,1
Chromepet,39,1
Chromepet,41,1
Chromepet,417,1
Chromepet,43,1
Chromepet,47,1
Chromepet,472,1
Chromepet,48,1
Chromepet,5,1
Chromepet,517,1
Chromepet,542,1
Chromepet,55,1
Chromepet,566,1
Chromepet,6,3
Chromepet,602,1
Chromepet,61,1
Chromepet,646,1
Chromepet,68,1
Chromepet,7,1
Chromepet,70,1
Chromepet,71,1
Chromepet,8,2
Chromepet,87,1
Chromepet,88,1
Chromepet,91,1
Chromepet,95,1
Chromepet,967,1
Chromepet,Does not offer Dining,26
Chromepet,Not enough Dining Reviews,4
GST Road,10,2
GST Road,11,6
GST Road,1104,1
GST Road,111,1
GST Road,12,1
GST Road,1276,1
GST Road,128,1
GST Road,13,1
GST Road,132,2
GST Road,137,1
GST Road,138,1
GST Road,14,2
GST Road,146,2
GST Road,147,1
GST Road,15,3
GST Road,16,2
GST Road,17,1
GST Road,18,2
GST Road,20,1
GST Road,203,1
GST Road,21,1
GST Road,22,1
GST Road,23,2
GST Road,252,1
GST Road,267,1
GST Road,28,2
GST Road,29,1
GST Road,30,1
GST Road,34,1
GST Road,353,1
GST Road,358,1
GST Road,36,2
GST Road,37,1
GST Road,4,4
GST Road,408,1
GST Road,41,1
GST Road,421,1
GST Road,43,1
GST Road,44,1
GST Road,46,1
GST Road,48,2
GST Road,491,1
GST Road,5,2
GST Road,502,1
GST Road,533,1
GST Road,59,2
GST Road,6,2
GST Road,61,1
GST Road,63,1
GST Road,64,1
GST Road,69,1
GST Road,7,2
GST Road,71,1
GST Road,72,1
GST Road,75,1
GST Road,8,1
GST Road,82,1
GST Road,9,2
GST Road,94,2
GST Road,98,1
GST Road,99,2
GST Road,Does not offer Dining,16
Kilpauk,10,1
Kilpauk,101,1
Kilpauk,102,2
Kilpauk,103,1
Kilpauk,11,1
Kilpauk,110,1
Kilpauk,111,1
Kilpauk,112,1
Kilpauk,125,1
Kilpauk,1266,1
Kilpauk,13,1
Kilpauk,140,1
Kilpauk,153,1
Kilpauk,159,1
Kilpauk,16,2
Kilpauk,160,1
Kilpauk,162,1
Kilpauk,168,1
Kilpauk,169,1
Kilpauk,17,1
Kilpauk,18,1
Kilpauk,194,1
Kilpauk,205,1
Kilpauk,216,1
Kilpauk,217,1
Kilpauk,218,1
Kilpauk,22,1
Kilpauk,225,1
Kilpauk,238,1
Kilpauk,241,1
Kilpauk,25,1
Kilpauk,250,2
Kilpauk,26,1
Kilpauk,266,2
Kilpauk,27,1
Kilpauk,289,2
Kilpauk,30,1
Kilpauk,3042,1
Kilpauk,32,1
Kilpauk,333,1
Kilpauk,345,1
Kilpauk,37,1
Kilpauk,4,2
Kilpauk,40,1
Kilpauk,420,1
Kilpauk,445,1
Kilpauk,45,1
Kilpauk,450,1
Kilpauk,455,1
Kilpauk,47,2
Kilpauk,48,3
Kilpauk,49,2
Kilpauk,5,2
Kilpauk,52,1
Kilpauk,53,1
Kilpauk,54,1
Kilpauk,55,1
Kilpauk,563,1
Kilpauk,60,2
Kilpauk,65,1
Kilpauk,653,1
Kilpauk,655,1
Kilpauk,66,1
Kilpauk,689,1
Kilpauk,7,1
Kilpauk,731,1
Kilpauk,84,1
Kilpauk,89,1
Kilpauk,98,1
Kilpauk,Does not offer Dining,38
Kilpauk,Not enough Dining Reviews,2
Madipakkam,10,1
Madipakkam,106,1
Madipakkam,109,1
Madipakkam,118,1
Madipakkam,123,1
Madipakkam,13,1
Madipakkam,132,1
Madipakkam,133,1
Madipakkam,14,1
Madipakkam,140,1
Madipakkam,145,1
Madipakkam,15,2
Madipakkam,16,2
Madipakkam,161,1
Madipakkam,163,1
Madipakkam,17,2
Madipakkam,171,1
Madipakkam,18,1
Madipakkam,180,1
Madipakkam,19,1
Madipakkam,204,2
Madipakkam,21,2
Madipakkam,219,1
Madipakkam,23,1
Madipakkam,24,1
Madipakkam,242,1
Madipakkam,26,1
Madipakkam,271,1
Madipakkam,28,1
Madipakkam,29,1
Madipakkam,292,1
Madipakkam,32,1
Madipakkam,34,2
Madipakkam,35,1
Madipakkam,4,3
Madipakkam,43,1
Madipakkam,47,1
Madipakkam,48,1
Madipakkam,5,3
Madipakkam,502,1
Madipakkam,57,1
Madipakkam,6,1
Madipakkam,602,1
Madipakkam,61,1
Madipakkam,64,1
Madipakkam,66,1
Madipakkam,7,1
Madipakkam,8,2
Madipakkam,83,2
Madipakkam,89,1
Madipakkam,9,1
Madipakkam,90,2
Madipakkam,91,2
Madipakkam,Does not offer Dining,31
Madipakkam,Not enough Dining Reviews,4
Medavakkam,0,1
Medavakkam,10,4
Medavakkam,104,1
Medavakkam,105,1
Medavakkam,106,1
Medavakkam,11,1
Medavakkam,110,1
Medavakkam,115,1
Medavakkam,1152,1
Medavakkam,117,2
Medavakkam,119,1
Medavakkam,128,1
Medavakkam,13,3
Medavakkam,14,1
Medavakkam,15,1
Medavakkam,155,1
Medavakkam,16,3
Medavakkam,17,1
Medavakkam,173,1
Medavakkam,18,1
Medavakkam,1942,1
Medavakkam,195,1
Medavakkam,21,1
Medavakkam,22,3
Medavakkam,226,1
Medavakkam,228,1
Medavakkam,23,2
Medavakkam,236,1
Medavakkam,24,1
Medavakkam,243,1
Medavakkam,25,1
Medavakkam,251,1
Medavakkam,259,1
Medavakkam,26,1
Medavakkam,27,4
Medavakkam,29,2
Medavakkam,297,1
Medavakkam,31,1
Medavakkam,32,1
Medavakkam,322,1
Medavakkam,34,1
Medavakkam,380,1
Medavakkam,4,1
Medavakkam,40,2
Medavakkam,43,1
Medavakkam,44,2
Medavakkam,45,1
Medavakkam,46,2
Medavakkam,47,1
Medavakkam,5,1
Medavakkam,51,1
Medavakkam,52,1
Medavakkam,56,1
Medavakkam,567,1
Medavakkam,6,3
Medavakkam,603,1
Medavakkam,62,1
Medavakkam,64,1
Medavakkam,642,1
Medavakkam,69,1
Medavakkam,7,5
Medavakkam,72,1
Medavakkam,74,1
Medavakkam,78,1
Medavakkam,8,4
Medavakkam,82,1
Medavakkam,84,1
Medavakkam,85,1
Medavakkam,87,1
Medavakkam,884,1
Medavakkam,89,1
Medavakkam,93,1
Medavakkam,94,1
Medavakkam,Does not offer Dining,35
Medavakkam,Not enough Dining Reviews,19
Mogappair,102,1
Mogappair,104,1
Mogappair,11,1
Mogappair,1139,1
Mogappair,114,1
Mogappair,118,1
Mogappair,12,4
Mogappair,124,1
Mogappair,129,2
Mogappair,13,5
Mogappair,132,1
Mogappair,15,1
Mogappair,163,1
Mogappair,171,1
Mogappair,179,1
Mogappair,18,1
Mogappair,180,1
Mogappair,19,3
Mogappair,20,1
Mogappair,214,1
Mogappair,219,1
Mogappair,22,4
Mogappair,24,1
Mogappair,25,1
Mogappair,253,1
Mogappair,259,1
Mogappair,27,1
Mogappair,279,1
Mogappair,28,1
Mogappair,30,1
Mogappair,33,1
Mogappair,34,1
Mogappair,354,1
Mogappair,36,1
Mogappair,363,1
Mogappair,367,1
Mogappair,372,1
Mogappair,377,1
Mogappair,40,1
Mogappair,409,1
Mogappair,41,2
Mogappair,46,1
Mogappair,462,1
Mogappair,49,1
Mogappair,5,3
Mogappair,50,1
Mogappair,51,1
Mogappair,515,1
Mogappair,55,1
Mogappair,56,1
Mogappair,6,3
Mogappair,633,1
Mogappair,64,1
Mogappair,669,1
Mogappair,681,1
Mogappair,69,1
Mogappair,692,1
Mogappair,7,2
Mogappair,70,1
Mogappair,71,1
Mogappair,72,1
Mogappair,8,1
Mogappair,81,1
Mogappair,83,1
Mogappair,87,1
Mogappair,88,1
Mogappair,9,1
Mogappair,90,1
Mogappair,91,1
Mogappair,92,1
Mogappair,94,1
Mogappair,95,1
Mogappair,Does not offer Dining,30
Mogappair,Not enough Dining Reviews,4
Nungambakkam,100,1
Nungambakkam,1025,1
Nungambakkam,1030,1
Nungambakkam,106,1
Nungambakkam,1065,1
Nungambakkam,1082,1
Nungambakkam,11,1
Nungambakkam,113,1
Nungambakkam,1132,1
Nungambakkam,1135,1
Nungambakkam,115,1
Nungambakkam,1258,1
Nungambakkam,1322,1
Nungambakkam,138,1
Nungambakkam,1437,1
Nungambakkam,1475,1
Nungambakkam,1516,1
Nungambakkam,157,1
Nungambakkam,161,1
Nungambakkam,1611,1
Nungambakkam,173,1
Nungambakkam,18,1
Nungambakkam,180,1
Nungambakkam,187,1
Nungambakkam,19,1
Nungambakkam,210,1
Nungambakkam,220,1
Nungambakkam,2252,1
Nungambakkam,23,1
Nungambakkam,24,2
Nungambakkam,244,1
Nungambakkam,247,1
Nungambakkam,25,1
Nungambakkam,254,1
Nungambakkam,2546,1
Nungambakkam,26,1
Nungambakkam,266,1
Nungambakkam,268,1
Nungambakkam,271,1
Nungambakkam,279,1
Nungambakkam,283,1
Nungambakkam,291,2
Nungambakkam,292,1
Nungambakkam,294,1
Nungambakkam,30,1
Nungambakkam,31,1
Nungambakkam,337,1
Nungambakkam,339,1
Nungambakkam,340,1
Nungambakkam,351,1
Nungambakkam,361,1
Nungambakkam,37,1
Nungambakkam,370,1
Nungambakkam,374,1
Nungambakkam,375,1
Nungambakkam,378,1
Nungambakkam,39,1
Nungambakkam,400,1
Nungambakkam,43,1
Nungambakkam,443,1
Nungambakkam,447,2
Nungambakkam,48,1
Nungambakkam,495,1
Nungambakkam,507,1
Nungambakkam,51,1
Nungambakkam,511,1
Nungambakkam,551,1
Nungambakkam,6,3
Nungambakkam,60,1
Nungambakkam,61,1
Nungambakkam,613,1
Nungambakkam,625,1
Nungambakkam,626,1
Nungambakkam,66,1
Nungambakkam,68,1
Nungambakkam,69,1
Nungambakkam,70,1
Nungambakkam,71,1
Nungambakkam,74,1
Nungambakkam,77,1
Nungambakkam,774,1
Nungambakkam,797,1
Nungambakkam,80,2
Nungambakkam,81,1
Nungambakkam,832,1
Nungambakkam,87,2
Nungambakkam,890,1
Nungambakkam,91,1
Nungambakkam,92,1
Nungambakkam,93,1
Nungambakkam,949,1
Nungambakkam,964,1
Nungambakkam,Does not offer Dining,45
Nungambakkam,Not enough Dining Reviews,3
Pallavaram,10,2
Pallavaram,101,2
Pallavaram,102,1
Pallavaram,11,3
Pallavaram,12,1
Pallavaram,132,1
Pallavaram,14,3
Pallavaram,15,2
Pallavaram,1500,1
Pallavaram,159,1
Pallavaram,16,2
Pallavaram,17,2
Pallavaram,18,2
Pallavaram,19,3
Pallavaram,22,4
Pallavaram,242,1
Pallavaram,26,1
Pallavaram,28,1
Pallavaram,33,1
Pallavaram,34,1
Pallavaram,36,1
Pallavaram,37,1
Pallavaram,38,1
Pallavaram,39,2
Pallavaram,400,1
Pallavaram,41,2
Pallavaram,42,1
Pallavaram,43,2
Pallavaram,44,1
Pallavaram,5,3
Pallavaram,50,1
Pallavaram,51,1
Pallavaram,517,1
Pallavaram,52,1
Pallavaram,53,1
Pallavaram,531,1
Pallavaram,56,1
Pallavaram,57,1
Pallavaram,59,1
Pallavaram,6,1
Pallavaram,61,1
Pallavaram,63,1
Pallavaram,67,1
Pallavaram,68,1
Pallavaram,7,1
Pallavaram,75,2
Pallavaram,8,1
Pallavaram,9,2
Pallavaram,91,1
Pallavaram,95,1
Pallavaram,96,1
Pallavaram,Does not offer Dining,31
Pallavaram,Not enough Dining Reviews,5
Perambur,10,1
Perambur,100,1
Perambur,106,1
Perambur,108,1
Perambur,1101,1
Perambur,111,1
Perambur,113,1
Perambur,12,1
Perambur,122,1
Perambur,124,1
Perambur,13,2
Perambur,133,1
Perambur,135,1
Perambur,137,1
Perambur,14,1
Perambur,15,5
Perambur,150,1
Perambur,156,1
Perambur,158,1
Perambur,16,2
Perambur,17,3
Perambur,170,1
Perambur,178,1
Perambur,180,1
Perambur,182,2
Perambur,186,1
Perambur,19,3
Perambur,198,1
Perambur,20,1
Perambur,21,1
Perambur,22,2
Perambur,228,1
Perambur,23,1
Perambur,24,2
Perambur,25,2
Perambur,254,1
Perambur,26,1
Perambur,268,1
Perambur,28,1
Perambur,291,1
Perambur,309,1
Perambur,329,1
Perambur,33,2
Perambur,34,1
Perambur,36,1
Perambur,4,5
Perambur,41,1
Perambur,42,2
Perambur,43,1
Perambur,445,1
Perambur,447,1
Perambur,46,1
Perambur,47,2
Perambur,477,1
Perambur,48,1
Perambur,487,1
Perambur,5,3
Perambur,50,1
Perambur,559,1
Perambur,6,3
Perambur,604,1
Perambur,617,1
Perambur,63,1
Perambur,64,1
Perambur,7,2
Perambur,73,2
Perambur,732,1
Perambur,77,1
Perambur,79,1
Perambur,9,2
Perambur,93,1
Perambur,Does not offer Dining,34
Perambur,Not enough Dining Reviews,10
Perungudi,0,1
Perungudi,107,1
Perungudi,11,2
Perungudi,111,1
Perungudi,116,1
Perungudi,12,1
Perungudi,122,1
Perungudi,1223,1
Perungudi,125,2
Perungudi,13,2
Perungudi,134,1
Perungudi,135,1
Perungudi,139,1
Perungudi,14,1
Perungudi,140,1
Perungudi,142,2
Perungudi,15,3
Perungudi,16,2
Perungudi,18,1
Perungudi,19,1
Perungudi,197,1
Perungudi,20,1
Perungudi,204,1
Perungudi,21,1
Perungudi,22,1
Perungudi,225,1
Perungudi,23,2
Perungudi,232,1
Perungudi,24,1
Perungudi,26,2
Perungudi,262,1
Perungudi,27,1
Perungudi,28,3
Perungudi,284,1
Perungudi,30,2
Perungudi,315,1
Perungudi,32,1
Perungudi,323,1
Perungudi,34,1
Perungudi,348,1
Perungudi,35,1
Perungudi,357,1
Perungudi,382,2
Perungudi,388,1
Perungudi,39,2
Perungudi,4,3
Perungudi,413,1
Perungudi,42,1
Perungudi,421,1
Perungudi,43,1
Perungudi,44,1
Perungudi,45,1
Perungudi,452,1
Perungudi,49,1
Perungudi,5,1
Perungudi,50,2
Perungudi,51,1
Perungudi,52,1
Perungudi,5317,1
Perungudi,54,2
Perungudi,57,1
Perungudi,58,1
Perungudi,599,1
Perungudi,6,4
Perungudi,60,1
Perungudi,615,1
Perungudi,62,1
Perungudi,640,1
Perungudi,646,1
Perungudi,69,1
Perungudi,70,1
Perungudi,73,2
Perungudi,74,1
Perungudi,763,1
Perungudi,771,1
Perungudi,78,2
Perungudi,8,1
Perungudi,82,1
Perungudi,83,1
Perungudi,84,1
Perungudi,854,1
Perungudi,9,2
Perungudi,97,1
Perungudi,Does not offer Dining,48
Perungudi,Not enough Dining Reviews,2
Porur,10,5
Porur,104,1
Porur,11,1
Porur,114,1
Porur,118,1
Porur,119,2
Porur,12,5
Porur,121,1
Porur,127,1
Porur,13,1
Porur,135,1
Porur,14,2
Porur,140,2
Porur,144,1
Porur,15,2
Porur,150,1
Porur,16,3
Porur,167,1
Porur,17,3
Porur,176,1
Porur,19,1
Porur,201,1
Porur,209,1
Porur,21,4
Porur,2113,1
Porur,22,2
Porur,23,1
Porur,230,1
Porur,246,1
Porur,25,2
Porur,254,1
Porur,26,2
Porur,28,1
Porur,29,1
Porur,30,2
Porur,304,1
Porur,308,1
Porur,31,2
Porur,32,3
Porur,324,2
Porur,33,2
Porur,347,1
Porur,35,4
Porur,356,1
Porur,36,1
Porur,37,1
Porur,38,1
Porur,39,1
Porur,4,6
Porur,40,1
Porur,400,1
Porur,41,1
Porur,414,1
Porur,42,1
Porur,44,2
Porur,450,1
Porur,459,2
Porur,46,1
Porur,47,1
Porur,49,1
Porur,5,2
Porur,50,1
Porur,5073,1
Porur,51,1
Porur,52,2
Porur,523,1
Porur,53,1
Porur,54,1
Porur,56,1
Porur,57,2
Porur,59,1
Porur,593,1
Porur,6,6
Porur,61,1
Porur,62,1
Porur,64,1
Porur,65,1
Porur,67,1
Porur,7,4
Porur,70,4
Porur,755,1
Porur,77,1
Porur,770,1
Porur,8,4
Porur,80,1
Porur,82,1
Porur,83,1
Porur,835,1
Porur,849,1
Porur,85,1
Porur,9,3
Porur,Does not offer Dining,53
Porur,Not enough Dining Reviews,8
Ramapuram,0,1
Ramapuram,105,1
Ramapuram,108,1
Ramapuram,109,1
Ramapuram,1097,1
Ramapuram,11,1
Ramapuram,111,3
Ramapuram,12,2
Ramapuram,122,1
Ramapuram,124,1
Ramapuram,13,4
Ramapuram,135,1
Ramapuram,14,3
Ramapuram,141,1
Ramapuram,142,1
Ramapuram,15,2
Ramapuram,153,1
Ramapuram,155,1
Ramapuram,156,1
Ramapuram,157,1
Ramapuram,158,1
Ramapuram,159,1
Ramapuram,166,1
Ramapuram,173,1
Ramapuram,18,2
Ramapuram,180,1
Ramapuram,185,1
Ramapuram,19,1
Ramapuram,20,2
Ramapuram,202,1
Ramapuram,21,1
Ramapuram,212,1
Ramapuram,22,2
Ramapuram,220,1
Ramapuram,225,1
Ramapuram,230,1
Ramapuram,234,1
Ramapuram,238,1
Ramapuram,24,1
Ramapuram,25,2
Ramapuram,26,1
Ramapuram,28,2
Ramapuram,29,1
Ramapuram,290,1
Ramapuram,31,1
Ramapuram,319,1
Ramapuram,32,1
Ramapuram,320,1
Ramapuram,332,1
Ramapuram,335,1
Ramapuram,344,1
Ramapuram,35,3
Ramapuram,369,1
Ramapuram,37,1
Ramapuram,38,1
Ramapuram,39,1
Ramapuram,4,3
Ramapuram,41,1
Ramapuram,43,1
Ramapuram,441,1
Ramapuram,48,1
Ramapuram,4805,1
Ramapuram,5,2
Ramapuram,51,1
Ramapuram,52,1
Ramapuram,53,2
Ramapuram,57,1
Ramapuram,58,1
Ramapuram,59,1
Ramapuram,6,2
Ramapuram,61,1
Ramapuram,63,1
Ramapuram,636,1
Ramapuram,65,1
Ramapuram,7,2
Ramapuram,70,1
Ramapuram,71,1
Ramapuram,74,1
Ramapuram,8,1
Ramapuram,802,1
Ramapuram,81,1
Ramapuram,83,1
Ramapuram,86,1
Ramapuram,89,1
Ramapuram,9,1
Ramapuram,94,1
Ramapuram,96,1
Ramapuram,99,1
Ramapuram,Does not offer Dining,17
Ramapuram,Not enough Dining Reviews,4
Selaiyur,0,2
Selaiyur,10,1
Selaiyur,105,1
Selaiyur,107,1
Selaiyur,11,1
Selaiyur,110,1
Selaiyur,12,1
Selaiyur,13,2
Selaiyur,131,1
Selaiyur,14,1
Selaiyur,15,1
Selaiyur,16,1
Selaiyur,161,1
Selaiyur,162,1
Selaiyur,165,1
Selaiyur,17,2
Selaiyur,175,1
Selaiyur,186,2
Selaiyur,193,1
Selaiyur,205,1
Selaiyur,212,1
Selaiyur,22,1
Selaiyur,23,4
Selaiyur,241,1
Selaiyur,252,1
Selaiyur,26,2
Selaiyur,27,1
Selaiyur,288,1
Selaiyur,292,1
Selaiyur,3,1
Selaiyur,301,1
Selaiyur,32,1
Selaiyur,329,1
Selaiyur,33,1
Selaiyur,34,1
Selaiyur,35,1
Selaiyur,352,1
Selaiyur,356,1
Selaiyur,36,1
Selaiyur,38,1
Selaiyur,39,2
Selaiyur,4,5
Selaiyur,40,2
Selaiyur,42,1
Selaiyur,440,1
Selaiyur,459,1
Selaiyur,46,1
Selaiyur,49,1
Selaiyur,5,1
Selaiyur,53,1
Selaiyur,54,1
Selaiyur,560,1
Selaiyur,59,1
Selaiyur,6,3
Selaiyur,60,1
Selaiyur,625,1
Selaiyur,65,1
Selaiyur,66,1
Selaiyur,7,3
Selaiyur,708,1
Selaiyur,71,1
Selaiyur,78,1
Selaiyur,8,4
Selaiyur,84,1
Selaiyur,85,1
Selaiyur,87,1
Selaiyur,9,4
Selaiyur,Does not offer Dining,29
Selaiyur,Not enough Dining Reviews,5
T. Nagar,1009,1
T. Nagar,101,1
T. Nagar,1013,1
T. Nagar,102,1
T. Nagar,103,1
T. Nagar,105,1
T. Nagar,106,1
T. Nagar,1078,1
T. Nagar,11,1
T. Nagar,110,1
T. Nagar,113,1
T. Nagar,114,1
T. Nagar,115,1
T. Nagar,116,2
T. Nagar,123,2
T. Nagar,128,2
T. Nagar,13,1
T. Nagar,130,1
T. Nagar,1335,1
T. Nagar,14,1
T. Nagar,15,1
T. Nagar,153,1
T. Nagar,1578,1
T. Nagar,169,1
T. Nagar,17,1
T. Nagar,172,1
T. Nagar,18,1
T. Nagar,184,2
T. Nagar,193,1
T. Nagar,197,1
T. Nagar,199,1
T. Nagar,20,1
T. Nagar,207,1
T. Nagar,209,1
T. Nagar,2102,1
T. Nagar,216,1
T. Nagar,22,1
T. Nagar,23,1
T. Nagar,237,1
T. Nagar,25,1
T. Nagar,252,1
T. Nagar,27,2
T. Nagar,275,1
T. Nagar,30,1
T. Nagar,32,1
T. Nagar,321,1
T. Nagar,322,1
T. Nagar,331,1
T. Nagar,339,1
T. Nagar,34,1
T. Nagar,35,1
T. Nagar,37,3
T. Nagar,370,1
T. Nagar,375,1
T. Nagar,38,3
T. Nagar,381,1
T. Nagar,4,1
T. Nagar,40,1
T. Nagar,41,2
T. Nagar,42,1
T. Nagar,43,3
T. Nagar,436,1
T. Nagar,438,1
T. Nagar,464,1
T. Nagar,465,1
T. Nagar,47,2
T. Nagar,48,1
T. Nagar,49,1
T. Nagar,497,1
T. Nagar,5,1
T. Nagar,517,1
T. Nagar,52,1
T. Nagar,529,1
T. Nagar,54,1
T. Nagar,556,1
T. Nagar,56,1
T. Nagar,574,1
T. Nagar,6,1
T. Nagar,66,1
T. Nagar,68,1
T. Nagar,7,3
T. Nagar,72,1
T. Nagar,73,1
T. Nagar,76,1
T. Nagar,79,1
T. Nagar,798,1
T. Nagar,8,3
T. Nagar,80,1
T. Nagar,82,1
T. Nagar,838,1
T. Nagar,84,1
T. Nagar,849,1
T. Nagar,87,1
T. Nagar,888,1
T. Nagar,9,1
T. Nagar,90,1
T. Nagar,901,1
T. Nagar,92,1
T. Nagar,94,1
T. Nagar,95,1
T. Nagar,954,1
T. Nagar,96,1
T. Nagar,Does not offer Dining,44
T. Nagar,Not enough Dining Reviews,3
Tambaram,0,1
Tambaram,109,1
Tambaram,11,4
Tambaram,117,1
Tambaram,119,1
Tambaram,12,2
Tambaram,120,1
Tambaram,13,2
Tambaram,139,1
Tambaram,14,1
Tambaram,15,3
Tambaram,16,1
Tambaram,161,1
Tambaram,169,1
Tambaram,17,2
Tambaram,172,1
Tambaram,18,1
Tambaram,19,2
Tambaram,190,1
Tambaram,196,1
Tambaram,198,1
Tambaram,20,1
Tambaram,209,2
Tambaram,21,1
Tambaram,220,1
Tambaram,225,1
Tambaram,23,1
Tambaram,239,1
Tambaram,25,3
Tambaram,28,1
Tambaram,302,1
Tambaram,309,1
Tambaram,31,1
Tambaram,32,1
Tambaram,328,1
Tambaram,33,2
Tambaram,377,1
Tambaram,38,1
Tambaram,4,2
Tambaram,40,1
Tambaram,416,1
Tambaram,42,1
Tambaram,46,1
Tambaram,48,1
Tambaram,49,1
Tambaram,5,3
Tambaram,50,1
Tambaram,514,1
Tambaram,52,1
Tambaram,53,1
Tambaram,533,1
Tambaram,55,1
Tambaram,56,2
Tambaram,60,1
Tambaram,61,2
Tambaram,63,1
Tambaram,64,1
Tambaram,72,1
Tambaram,73,1
Tambaram,79,1
Tambaram,8,1
Tambaram,81,1
Tambaram,812,1
Tambaram,84,1
Tambaram,9,4
Tambaram,97,1
Tambaram,Does not offer Dining,47
Tambaram,Not enough Dining Reviews,7
Thuraipakkam,10,4
Thuraipakkam,105,1
Thuraipakkam,107,1
Thuraipakkam,11,2
Thuraipakkam,115,1
Thuraipakkam,1197,1
Thuraipakkam,12,1
Thuraipakkam,1201,1
Thuraipakkam,13,3
Thuraipakkam,130,1
Thuraipakkam,133,1
Thuraipakkam,14,3
Thuraipakkam,15,1
Thuraipakkam,1559,1
Thuraipakkam,1565,1
Thuraipakkam,16,1
Thuraipakkam,168,1
Thuraipakkam,17,3
Thuraipakkam,170,1
Thuraipakkam,188,1
Thuraipakkam,19,1
Thuraipakkam,1992,1
Thuraipakkam,20,1
Thuraipakkam,204,1
Thuraipakkam,21,1
Thuraipakkam,212,1
Thuraipakkam,215,1
Thuraipakkam,22,1
Thuraipakkam,23,2
Thuraipakkam,24,2
Thuraipakkam,243,1
Thuraipakkam,268,1
Thuraipakkam,277,1
Thuraipakkam,28,2
Thuraipakkam,292,1
Thuraipakkam,30,1
Thuraipakkam,32,1
Thuraipakkam,328,1
Thuraipakkam,33,1
Thuraipakkam,35,2
Thuraipakkam,354,1
Thuraipakkam,36,2
Thuraipakkam,361,1
Thuraipakkam,365,1
Thuraipakkam,39,2
Thuraipakkam,4,1
Thuraipakkam,42,2
Thuraipakkam,43,1
Thuraipakkam,44,1
Thuraipakkam,45,1
Thuraipakkam,462,1
Thuraipakkam,5,2
Thuraipakkam,504,1
Thuraipakkam,54,1
Thuraipakkam,547,1
Thuraipakkam,56,1
Thuraipakkam,57,1
Thuraipakkam,6,1
Thuraipakkam,62,1
Thuraipakkam,63,1
Thuraipakkam,633,1
Thuraipakkam,66,1
Thuraipakkam,67,2
Thuraipakkam,683,1
Thuraipakkam,698,1
Thuraipakkam,72,1
Thuraipakkam,745,1
Thuraipakkam,754,1
Thuraipakkam,76,1
Thuraipakkam,763,1
Thuraipakkam,84,3
Thuraipakkam,85,1
Thuraipakkam,895,1
Thuraipakkam,9,1
Thuraipakkam,90,1
Thuraipakkam,97,1
Thuraipakkam,Does not offer Dining,43
Thuraipakkam,Not enough Dining Reviews,8
Velachery,10,2
Velachery,1078,1
Velachery,108,1
Velachery,11,1
Velachery,110,2
Velachery,111,1
Velachery,1159,1
Velachery,1180,1
Velachery,119,1
Velachery,12,3
Velachery,121,1
Velachery,123,1
Velachery,13,3
Velachery,1302,1
Velachery,142,1
Velachery,1428,1
Velachery,145,1
Velachery,15,2
Velachery,152,1
Velachery,155,1
Velachery,156,1
Velachery,16,3
Velachery,166,1
Velachery,168,1
Velachery,170,1
Velachery,171,1
Velachery,182,1
Velachery,183,1
Velachery,184,1
Velachery,19,2
Velachery,20,1
Velachery,200,1
Velachery,202,1
Velachery,210,1
Velachery,22,1
Velachery,2275,1
Velachery,24,2
Velachery,25,1
Velachery,26,1
Velachery,266,1
Velachery,27,2
Velachery,277,1
Velachery,279,1
Velachery,283,1
Velachery,286,1
Velachery,29,1
Velachery,2994,1
Velachery,30,1
Velachery,300,1
Velachery,301,1
Velachery,316,1
Velachery,32,2
Velachery,329,1
Velachery,33,2
Velachery,34,3
Velachery,343,1
Velachery,35,1
Velachery,350,1
Velachery,37,3
Velachery,39,2
Velachery,390,1
Velachery,391,1
Velachery,4,4
Velachery,402,1
Velachery,41,2
Velachery,43,2
Velachery,439,1
Velachery,453,1
Velachery,454,1
Velachery,47,2
Velachery,50,1
Velachery,51,1
Velachery,52,2
Velachery,537,1
Velachery,542,1
Velachery,565,1
Velachery,58,2
Velachery,59,1
Velachery,590,1
Velachery,6,4
Velachery,63,1
Velachery,64,1
Velachery,654,1
Velachery,66,1
Velachery,670,1
Velachery,69,2
Velachery,7,3
Velachery,72,1
Velachery,73,2
Velachery,743,1
Velachery,76,1
Velachery,78,1
Velachery,8,1
Velachery,814,1
Velachery,82,1
Velachery,821,1
Velachery,837,1
Velachery,85,1
Velachery,87,1
Velachery,88,2
Velachery,888,1
Velachery,89,1
Velachery,9,2
Velachery,90,1
Velachery,908,1
Velachery,91,1
Velachery,95,2
Velachery,98,1
Velachery,Does not offer Dining,59
Velachery,Not enough Dining Reviews,10
others,0,11
others,10,40
others,100,6
others,1009,1
others,101,8
others,102,6
others,1027,1
others,103,5
others,104,5
others,1040,1
others,1043,1
others,1047,1
others,105,1
others,1053,1
others,1059,1
others,106,6
others,107,5
others,108,4
others,1082,1
others,1083,1
others,1085,1
others,109,3
others,1096,1
others,11,41
others,110,6
others,1100,1
others,111,2
others,1118,1
others,112,6
others,113,5
others,114,1
others,115,4
others,1152,1
others,116,5
others,117,4
others,1179,1
others,118,5
others,119,5
others,1191,1
others,12,28
others,120,1
others,1208,1
others,121,6
others,122,5
others,123,5
others,124,3
others,1247,1
others,125,3
others,126,5
others,1262,1
others,127,2
others,128,4
others,129,3
others,1296,1
others,13,28
others,130,2
others,1304,1
others,1307,1
others,131,3
others,132,5
others,133,3
others,134,3
others,1349,1
others,135,5
others,1353,1
others,136,4
others,1361,1
others,1363,1
others,137,3
others,138,2
others,1387,1
others,139,3
others,14,39
others,140,4
others,141,5
others,142,2
others,143,6
others,1437,1
others,144,2
others,145,3
others,146,2
others,1464,1
others,1467,1
others,147,2
others,148,3
others,1485,1
others,149,5
others,1498,1
others,15,28
others,150,4
others,151,4
others,1510,1
others,153,2
others,155,3
others,156,3
others,157,4
others,158,6
others,159,2
others,16,25
others,160,3
others,161,1
others,162,4
others,163,3
others,164,3
others,1646,1
others,165,3
others,1658,1
others,166,4
others,167,1
others,168,5
others,169,3
others,17,23
others,170,2
others,172,1
others,173,3
others,1739,1
others,174,4
others,175,2
others,176,2
others,177,2
others,179,2
others,18,22
others,180,4
others,181,5
others,182,2
others,183,1
others,184,1
others,185,1
others,186,1
others,187,3
others,188,1
others,1881,1
others,189,3
others,1893,1
others,19,20
others,190,1
others,1907,1
others,191,1
others,192,3
others,193,1
others,194,4
others,1943,1
others,195,3
others,196,1
others,197,1
others,198,4
others,199,2
others,20,21
others,200,3
others,201,2
others,2018,1
others,202,1
others,203,2
others,204,3
others,205,2
others,206,2
others,208,2
others,209,1
others,21,27
others,210,4
others,2109,1
others,211,2
others,212,1
others,213,3
others,214,1
others,2162,1
others,2164,1
others,217,3
others,218,5
others,219,2
others,22,26
others,220,3
others,221,1
others,222,3
others,223,3
others,225,3
others,226,1
others,2261,1
others,227,1
others,2275,1
others,2277,1
others,228,3
others,229,1
others,23,26
others,231,1
others,232,2
others,233,1
others,234,1
others,2341,1
others,235,1
others,236,3
others,237,2
others,239,1
others,24,29
others,240,3
others,241,2
others,242,1
others,243,2
others,2449,1
others,245,1
others,246,2
others,248,3
others,249,2
others,25,23
others,250,4
others,251,3
others,252,3
others,255,2
others,256,1
others,258,1
others,259,1
others,26,16
others,260,1
others,261,3
others,262,1
others,264,4
others,266,2
others,267,3
others,27,20
others,270,1
others,272,7
others,273,1
others,275,1
others,276,1
others,277,2
others,279,1
others,28,26
others,280,2
others,281,2
others,285,2
others,286,2
others,289,3
others,29,18
others,290,3
others,291,2
others,293,2
others,295,1
others,296,1
others,30,20
others,304,1
others,305,1
others,3056,1
others,3059,1
others,306,1
others,307,1
others,308,2
others,309,2
others,31,21
others,310,2
others,311,2
others,312,2
others,317,1
others,318,1
others,319,1
others,32,13
others,320,1
others,322,3
others,323,4
others,325,2
others,326,2
others,327,1
others,329,2
others,33,11
others,330,1
others,332,2
others,333,1
others,334,1
others,335,1
others,336,1
others,337,1
others,339,1
others,34,22
others,340,1
others,341,2
others,343,2
others,344,1
others,347,1
others,348,2
others,349,1
others,35,18
others,350,3
others,351,2
others,353,1
others,354,1
others,356,1
others,358,1
others,359,1
others,36,15
others,363,2
others,364,1
others,365,2
others,366,2
others,367,2
others,37,16
others,371,1
others,372,1
others,374,1
others,379,1
others,38,14
others,381,2
others,382,1
others,383,1
others,384,1
others,385,1
others,39,10
others,390,1
others,391,1
others,394,2
others,399,1
others,4,53
others,40,10
others,403,1
others,409,1
others,41,11
others,412,1
others,413,3
others,415,1
others,416,1
others,419,1
others,42,9
others,421,1
others,425,1
others,426,2
others,429,3
others,43,21
others,431,1
others,432,1
others,433,1
others,434,1
others,436,1
others,437,1
others,438,3
others,439,1
others,44,13
others,443,2
others,444,1
others,445,2
others,4478,1
others,45,13
others,450,2
others,452,1
others,453,1
others,454,2
others,457,1
others,458,2
others,46,20
others,460,1
others,465,1
others,468,3
others,47,10
others,471,1
others,473,1
others,475,1
others,479,1
others,48,7
others,480,1
others,482,1
others,488,2
others,489,1
others,49,17
others,490,1
others,492,1
others,497,2
others,498,1
others,5,52
others,50,11
others,503,1
others,507,1
others,509,1
others,51,17
others,511,1
others,514,1
others,515,1
others,516,2
others,519,2
others,52,8
others,520,2
others,522,1
others,528,1
others,53,9
others,54,16
others,540,1
others,5407,1
others,542,1
others,547,1
others,548,1
others,55,12
others,559,1
others,56,7
others,566,2
others,57,6
others,570,1
others,572,1
others,575,1
others,578,2
others,58,8
others,584,1
others,585,1
others,586,3
others,587,1
others,589,2
others,59,5
others,6,42
others,60,6
others,601,1
others,603,1
others,607,1
others,609,1
others,61,8
others,611,1
others,619,1
others,62,12
others,621,1
others,622,1
others,626,1
others,627,1
others,63,6
others,631,1
others,634,1
others,637,1
others,639,1
others,64,11
others,644,1
others,645,1
others,649,1
others,65,6
others,66,8
others,660,1
others,67,6
others,677,1
others,68,8
others,682,1
others,688,1
others,69,13
others,692,1
others,695,1
others,696,1
others,697,1
others,7,35
others,70,5
others,704,1
others,705,2
others,71,14
others,711,1
others,712,1
others,715,1
others,72,8
others,720,1
others,728,1
others,73,3
others,730,1
others,74,9
others,742,1
others,748,2
others,75,7
others,754,1
others,76,9
others,760,1
others,766,1
others,768,1
others,769,1
others,77,6
others,777,1
others,78,13
others,780,1
others,782,1
others,784,1
others,788,1
others,79,3
others,794,1
others,796,1
others,799,1
others,8,47
others,80,5
others,802,1
others,81,8
others,82,3
others,825,2
others,83,11
others,84,3
others,842,1
others,847,2
others,848,1
others,85,7
others,851,1
others,858,1
others,86,3
others,867,1
others,87,4
others,872,1
others,88,6
others,89,3
others,9,55
others,90,7
others,904,1
others,906,1
others,907,2
others,91,8
others,917,1
others,92,5
others,920,2
others,93,8
others,94,5
others,946,1
others,95,5
others,954,1
others,959,1
others,96,4
others,964,1
others,97,2
others,98,4
others,982,1
others,987,1
others,99,4
others,996,1
others,997,1
others,999,1
others,Does not offer Dining,780
others,Not enough Dining Reviews,132
